create table users
(
    id             bigint       not null auto_increment primary key,
    password       varchar(100),
    email          varchar(100) not null unique,
    first_name     varchar(50),
    last_name      varchar(50),
    avatar_img_url varchar(100),
    description    varchar(500)
);

create table refresh_token
(
    id          bigint       not null auto_increment primary key,
    token       varchar(255) not null,
    expiry_date timestamp    not null,
    user_id     bigint references users (id)
);

create table skills
(
    id        bigint      not null auto_increment primary key,
    name      varchar(50) not null unique,
    title     varchar(12) not null unique,
    parent_id bigint null references skills(id)
);

create table roles
(
    id   bigint primary key auto_increment,
    name varchar(50)
);

insert into roles (id, name)
values (1, 'SEARCHER'),
       (2, 'INTERVIEWER'),
       (3, 'HR'),
       (4, 'ADMIN');

create table user_role_skill
(
    id       bigint primary key auto_increment,
    user_id  bigint references users (id),
    role_id  bigint references roles (id),
    skill_id bigint references skills (id),
    proficiency_level int
);

create table interviews
(
    id                bigint primary key auto_increment,
    title             varchar(100),
    status            varchar(255) not null,
    interviewer_id    bigint references users (id) on delete set null,
    searcher_id       bigint references users (id) on delete set null,
    planned_date_time timestamp,
    start_date_time   timestamp,
    end_date_time     timestamp,
    feedback          varchar(500)
);

create table interview_questions
(
    id           bigint primary key auto_increment,
    interview_id bigint references interviews (id),
    skill_id     bigint references skills (id),
    question     varchar(500),
    grade        int,
    create_at    timestamp
);

create table interviewer_questions
(
    id             bigint primary key auto_increment,
    skill_id       bigint references skills (id),
    interviewer_id bigint references users (id) on delete set null,
    question       varchar(500),
    updated_at     timestamp
);

-- insert skills level 1
INSERT INTO skills (name, title, parent_id)
VALUES ('Programming', 'Programming', NULL),
       ('Database Administration', 'DB Admin', NULL),
       ('Network', 'Network', NULL),
       ('Cybersecurity', 'Cybersecur', NULL);

-- get id for level 1
WITH ParentIDs AS (SELECT id, name
                   FROM skills
                   WHERE parent_id IS NULL)

-- insert skills level 2
INSERT
INTO skills (name, title, parent_id)
SELECT sub.name,
       sub.title,
       ParentIDs.id
FROM ParentIDs
         JOIN (VALUES ('Web Development', 'Web Dev', 'Programming'),
                      ('Mobile Development', 'Mob Dev', 'Programming'),
                      ('Game Development', 'Game Dev', 'Programming'),
                      ('Programming Languages', 'Program Lang', 'Programming'),
                      ('Relational Databases', 'Rel DB', 'Database Administration'),
                      ('NoSQL Databases', 'NoSQL DB', 'Database Administration'),
                      ('Database Design', 'DB Design', 'Database Administration'),
                      ('Network Security', 'Net Secur', 'Network'),
                      ('Network Architecture', 'Net Architec', 'Network'),
                      ('Network Administration', 'Net Admin', 'Network'),
                      ('Ethical Hacking', 'Ethical Hack', 'Cybersecurity'),
                      ('Security Auditing', 'Secur Audit', 'Cybersecurity'),
                      ('Cryptography', 'Cryptography', 'Cybersecurity'),
                      ('Incident Response', 'In Response', 'Cybersecurity')) AS sub(name, title, parent_name)
              ON ParentIDs.name = sub.parent_name;

-- get id for level 2
WITH ParentIDs AS (SELECT id, name
                   FROM skills
                   WHERE parent_id IN (SELECT id FROM skills WHERE parent_id IS NULL))

-- insert skills level 3
INSERT
INTO skills (name, title, parent_id)
SELECT sub.name,
       sub.title,
       ParentIDs.id
FROM ParentIDs
         JOIN (VALUES ('Frontend Development', 'Front Dev', 'Web Development'),
                      ('Backend Development', 'Back Dev', 'Web Development'),
                      ('Full-stack Development', 'Full Dev', 'Web Development'),
                      ('UI/UX Design', 'UI/UX Design', 'Web Development'),
                      ('iOS Development', 'iOS Dev', 'Mobile Development'),
                      ('Android Development', 'Android Dev', 'Mobile Development'),
                      ('Cross-platform Development', 'Cross Dev', 'Mobile Development'),
                      ('Unity Development', 'Unity Dev', 'Game Development'),
                      ('Unreal Engine Development', 'Unreal E Dev', 'Game Development'),
                      ('Mobile Game Development', 'Mob Game Dev', 'Game Development'),
                      ('Java', 'Java', 'Programming Languages'),
                      ('Python', 'Python', 'Programming Languages'),
                      ('C++', 'C++', 'Programming Languages'),
                      ('JavaScript', 'JavaScript', 'Programming Languages'),
                      ('Ruby', 'Ruby', 'Programming Languages'),
                      ('Swift', 'Swift', 'Programming Languages'),
                      ('Kotlin', 'Kotlin', 'Programming Languages'),
                      ('PHP', 'PHP', 'Programming Languages'),
                      ('TypeScript', 'TypeScript', 'Programming Languages'),
                      ('Go', 'Go', 'Programming Languages'),
                      ('Rust', 'Rust', 'Programming Languages'),
                      ('Perl', 'Perl', 'Programming Languages'),
                      ('C#', 'C#', 'Programming Languages'),
                      ('MySQL', 'MySQL', 'Relational Databases'),
                      ('PostgreSQL', 'PostgreSQL', 'Relational Databases'),
                      ('Oracle Database', 'Oracle DB', 'Relational Databases'),
                      ('Microsoft SQL Server', 'MS SQL Serv', 'Relational Databases'),
                      ('SQLite', 'SQLite', 'Relational Databases'),
                      ('MongoDB', 'MongoDB', 'NoSQL Databases'),
                      ('Cassandra', 'Cassandra', 'NoSQL Databases'),
                      ('Redis', 'Redis', 'NoSQL Databases'),
                      ('Couchbase', 'Couchbase', 'NoSQL Databases'),
                      ('Amazon DynamoDB', 'AWS DynamoDB', 'NoSQL Databases'),
                      ('Entity-Relationship Diagrams', 'ERDs', 'Database Design'),
                      ('Normalization', 'Normalizing', 'Database Design'),
                      ('Indexing Strategies', 'Index Strat.', 'Database Design'),
                      ('Data Modeling Tools', 'DM Tools', 'Database Design'),
                      ('Firewall Configuration', 'FW Config', 'Network Security'),
                      ('Intrusion Detection and Prevention Systems', 'IDPS', 'Network Security'),
                      ('VPN Implementation', 'VPN Impl.', 'Network Security'),
                      ('Network Access Control', 'NAC', 'Network Security'),
                      ('Security Information and Event Management', 'SIEM', 'Network Security'),
                      ('Security Policies and Procedures', 'SPP', 'Network Security'),
                      ('LAN/WAN Design', 'LAN/WAN Des.', 'Network Architecture'),
                      ('Routing Protocols (e.g., OSPF, BGP)', 'Rout Prot.', 'Network Architecture'),
                      ('VLAN Configuration', 'VLAN Config', 'Network Architecture'),
                      ('MPLS Networking', 'MPLS Network', 'Network Architecture'),
                      ('Software-Defined Networking', 'SDN', 'Network Architecture'),
                      ('Cloud Networking Architecture', 'Cloud NWArch', 'Network Architecture'),
                      ('Network Configuration', 'NW Config', 'Network Administration'),
                      ('Network Monitoring', 'NW Monitor', 'Network Administration'),
                      ('Performance Optimization', 'Perf. Optim.', 'Network Administration'),
                      ('Troubleshooting', 'Troubleshoot', 'Network Administration'),
                      ('Network Automation', 'NW Automat.', 'Network Administration'),
                      ('Disaster Recovery Planning', 'DRP', 'Network Administration'),
                      ('Footprinting', 'Footprinting', 'Ethical Hacking'),
                      ('Scanning', 'Scanning', 'Ethical Hacking'),
                      ('Enumeration', 'Enumeration', 'Ethical Hacking'),
                      ('System Hacking', 'System Hack', 'Ethical Hacking'),
                      ('Trojans and Backdoors', 'T''n''B', 'Ethical Hacking'),
                      ('Social Engineering', 'Soc Engin', 'Ethical Hacking'),
                      ('Wireless Network Hacking', 'WL NW Hack', 'Ethical Hacking'),
                      ('Vulnerability Assessment', 'VA', 'Security Auditing'),
                      ('Penetration Testing', 'Penetr. Test', 'Security Auditing'),
                      ('Compliance Auditing', 'Compl. Audit', 'Security Auditing'),
                      ('Risk Assessment', 'Risk Assess', 'Security Auditing'),
                      ('Security Policy Review', 'SPR', 'Security Auditing'),
                      ('Symmetric Cryptography', 'Symm Crypto', 'Cryptography'),
                      ('Asymmetric Cryptography', 'Asymm Crypto', 'Cryptography'),
                      ('Hash Functions', 'Hash Func', 'Cryptography'),
                      ('Digital Signatures', 'Dig. Signat.', 'Cryptography'),
                      ('Public Key Infrastructure', 'PKI', 'Cryptography'),
                      ('Cryptanalysis', 'Cryptanalys.', 'Cryptography'),
                      ('Incident Detection', 'Incid Detect', 'Incident Response'),
                      ('Incident Triage', 'Incid Triage', 'Incident Response'),
                      ('Containment and Mitigation', 'C''n''M', 'Incident Response'),
                      ('Forensic Analysis', 'Forensic', 'Incident Response'),
                      ('Reporting and Documentation', 'R''n''D', 'Incident Response')) AS sub(name, title, parent_name)
              ON ParentIDs.name = sub.parent_name;

create table temp_users
(
    id         bigint       not null auto_increment primary key,
    email      varchar(100) not null unique,
    password   varchar(100),
    first_name varchar(50),
    last_name  varchar(50),
    expire_at  timestamp
);

----------for test, delete later---------
insert into users (password, email, first_name, last_name, avatar_img_url, description)
values ('$2a$10$4ovMxWrEX9luzTrRt64HCOdmytp1Fp53/9RRVnGW2aEwDojJf34J2', 'username', 'name', 'surname', 'i', 'd'),
       ('$2a$10$KIP8Yy2TYOc8jI.RGdkyqenwy807Uts8d1itK2Bah/Gp9qXBOiCSW', 'username2', 'name2', 'surname2', 'i2', 'd2'),
       ('$2a$12$Ba37RckHvfa/Vy.tCVt2wuUC57XiJU77SL9Q8ow5b2txA7KY.QxSm', 'username3', 'name3', 'surname3', 'i3', 'd3'),
       ('$2a$12$5tgcuKFgawXArQqyo/4xD.Arrz3tSfhhsTVoGSz17yQxG99AGJR0e', 'username4', 'name4', 'surname4', 'i4', 'd4');

insert into user_role_skill (user_id, role_id, skill_id, proficiency_level)
values (1, 2, 5, 90),
       (1, 2, 8, 90),
       (1, 2, 9, 90),
       (1, 2, 10, 90),
       (1, 2, 12, 90),
       (2, 1, 20, 90),
       (2, 1, 29, 90),
       (2, 1, 43, 90),
       (2, 1, 47, 90),
       (3, 1, 22, 90),
       (3, 1, 29, 90),
       (3, 1, 30, 90),
       (3, 1, 32, 90),
       (3, 1, 33, 90),
       (3, 1, 37, 90),
       (3, 1, 43, 90),
       (3, 1, 47, 90),
       (3, 1, 53, 90),
       (3, 1, 54, 90),
       (3, 1, 76, 90),
       (3, 1, 82, 90),
       (3, 1, 88, 90),
       (3, 1, 94, 90),
       (3, 1, 96, 90),
       (4, 1, 19, 90),
       (4, 1, 20, 90),
       (4, 1, 21, 90),
       (4, 1, 22, 90),
       (4, 1, 23, 90),
       (4, 1, 24, 90),
       (4, 1, 25, 90),
       (4, 1, 26, 90),
       (4, 1, 27, 90),
       (4, 1, 28, 90),
       (4, 1, 29, 90),
       (4, 1, 30, 90),
       (4, 1, 31, 90),
       (4, 1, 32, 90),
       (4, 1, 33, 90),
       (4, 1, 34, 90),
       (4, 1, 35, 90),
       (4, 1, 36, 90),
       (4, 1, 37, 90),
       (4, 1, 38, 90),
       (4, 1, 39, 90),
       (4, 1, 40, 90),
       (4, 1, 41, 90),
       (4, 1, 42, 90),
       (4, 1, 43, 90),
       (4, 1, 44, 90),
       (4, 1, 45, 90),
       (4, 1, 46, 90),
       (4, 1, 47, 90),
       (4, 1, 48, 90),
       (4, 1, 49, 90),
       (4, 1, 50, 90),
       (4, 1, 51, 90),
       (4, 1, 52, 90),
       (4, 1, 53, 90),
       (4, 1, 54, 90),
       (4, 1, 55, 90),
       (4, 1, 56, 90),
       (4, 1, 57, 90),
       (4, 1, 58, 90),
       (4, 1, 59, 90),
       (4, 1, 60, 90),
       (4, 1, 61, 90),
       (4, 1, 62, 90),
       (4, 1, 63, 90),
       (4, 1, 64, 90),
       (4, 1, 65, 90),
       (4, 1, 66, 90),
       (4, 1, 67, 90),
       (4, 1, 68, 90),
       (4, 1, 69, 90),
       (4, 1, 70, 90),
       (4, 1, 71, 90),
       (4, 1, 72, 90),
       (4, 1, 73, 90),
       (4, 1, 74, 90),
       (4, 1, 75, 90),
       (4, 1, 76, 90),
       (4, 1, 77, 90),
       (4, 1, 78, 90),
       (4, 1, 79, 90),
       (4, 1, 80, 90),
       (4, 1, 81, 90),
       (4, 1, 82, 90),
       (4, 1, 83, 90),
       (4, 1, 84, 90),
       (4, 1, 85, 90),
       (4, 1, 86, 90),
       (4, 1, 87, 90),
       (4, 1, 88, 90),
       (4, 1, 89, 90),
       (4, 1, 90, 90),
       (4, 1, 91, 90),
       (4, 1, 92, 90),
       (4, 1, 93, 90),
       (4, 1, 94, 90),
       (4, 1, 95, 90),
       (4, 1, 96, 90);

INSERT INTO interviews (title, status, interviewer_id, searcher_id, planned_date_time, start_date_time, end_date_time,
                        feedback)
VALUES ('Test', 'COMPLETED', 1, 2, '2025-05-14 09:00:00', '2025-05-21 09:00:00', '2025-05-14 10:00:00',
        'Needs improvement');
-- ('Test2', 'COMPLETED', 1, 2, '2025-05-14 09:00:00', '2025-05-21 09:00:00', '2025-05-14 10:00:00',
--         'Needs improvement'),
--  ('Test3', 'COMPLETED', 1, 2, '2025-05-14 09:00:00', '2025-05-21 09:00:00', '2025-05-14 10:00:00',
--         'Needs improvement'),
-- ('Test4', 'COMPLETED', 1, 2, '2025-05-14 09:00:00', '2025-05-21 09:00:00', '2025-05-14 10:00:00',
--         'Needs improvement'),
-- ('Test5', 'COMPLETED', 1, 2, '2025-05-14 09:00:00', '2025-05-21 09:00:00', '2025-05-14 10:00:00',
--         'Needs improvement');

INSERT INTO interview_questions (interview_id, skill_id, question, grade, create_at)
VALUES (1, 56, 'How to configure a firewall for network security?', 100, '2024-04-30 09:00:00.000001'),
       (1, 57, 'What are IDPS, and how do they collaborate with firewalls?', 50, '2024-04-30 09:01:00.000001'),
       (1, 58, 'How to implement a VPN, and what technologies ensure data confidentiality?', 0,
        '2024-04-30 09:02:00.000001');

INSERT INTO interviews (title, status, interviewer_id, searcher_id, planned_date_time, start_date_time, end_date_time,
                        feedback)
VALUES ('Second', 'COMPLETED', 1, 2, '2025-04-26 18:30:00', '2024-04-26 18:27:34', '2024-04-26 20:03:12',
        'Needs improvement'),
       ('UserId3Interview1', 'COMPLETED', 1, 3, '2025-04-26 18:30:00', '2025-04-26 18:27:34', '2025-04-26 20:03:12',
        'Needs improvement'),
       ('UserId3Interview2', 'COMPLETED', 1, 3, '2025-04-26 18:30:00', '2025-04-26 18:27:34', '2025-04-26 20:03:12',
        'Needs improvement'),
       ('UserId3Interview3', 'COMPLETED', 1, 3, '2025-04-26 18:30:00', '2025-04-26 18:27:34', '2025-04-26 20:03:12',
        'Needs improvement'),
       ('UserId3Interview4', 'COMPLETED', 1, 3, '2025-04-26 18:30:00', '2025-04-26 18:27:34', '2025-04-26 20:03:12',
        'Needs improvement'),
       ('UserId4Interview1', 'COMPLETED', 1, 4, '2025-04-26 18:30:00', '2025-04-26 18:27:34', '2025-04-26 20:03:12',
        'Needs improvement'),
       ('UserId4Interview2', 'COMPLETED', 1, 4, '2025-04-26 18:30:00', '2025-04-26 18:27:34', '2025-04-26 20:03:12',
        'Needs improvement'),
       ('UserId4Interview3', 'COMPLETED', 1, 4, '2025-04-26 18:30:00', '2025-04-26 18:27:34', '2025-04-26 20:03:12',
        'Needs improvement'),
       ('UserId4Interview4', 'COMPLETED', 1, 4, '2025-04-26 18:30:00', '2025-04-26 18:27:34', '2025-04-26 20:03:12',
        'Needs improvement'),
       ('UserId4Interview5', 'COMPLETED', 1, 4, '2025-04-26 18:30:00', '2025-04-26 18:27:34', '2025-04-26 20:03:12',
        'Needs improvement'),
       ('UserId4Interview6', 'COMPLETED', 1, 4, '2025-04-26 18:30:00', '2025-04-26 18:27:34', '2025-04-26 20:03:12',
        'Needs improvement'),
       ('UserId4Interview7', 'COMPLETED', 1, 4, '2025-04-26 18:30:00', '2025-04-26 18:27:34', '2025-04-26 20:03:12',
        'Needs improvement'),
       ('UserId4Interview8', 'COMPLETED', 1, 4, '2025-04-26 18:30:00', '2025-04-26 18:27:34', '2025-04-26 20:03:12',
        'Needs improvement'),
       ('UserId4Interview9', 'COMPLETED', 1, 4, '2025-04-26 18:30:00', '2025-04-26 18:27:34', '2025-04-26 20:03:12',
        'Needs improvement'),
       ('UserId4Interview10', 'COMPLETED', 1, 4, '2025-04-26 18:30:00', '2025-04-26 18:27:34', '2025-04-26 20:03:12',
        'Needs improvement'),
       ('UserId4Interview11', 'COMPLETED', 1, 4, '2025-04-26 18:30:00', '2025-04-26 18:27:34', '2025-04-26 20:03:12',
        'Needs improvement'),
       ('UserId4Interview12', 'COMPLETED', 1, 4, '2025-04-26 18:30:00', '2025-04-26 18:27:34', '2025-04-26 20:03:12',
        'Needs improvement'),
       ('UserId4Interview13', 'COMPLETED', 1, 4, '2025-04-26 18:30:00', '2025-04-26 18:27:34', '2025-04-26 20:03:12',
        'Needs improvement'),
       ('UserId4Interview14', 'COMPLETED', 1, 4, '2025-04-26 18:30:00', '2025-04-26 18:27:34', '2025-04-26 20:03:12',
        'Needs improvement'),
       ('UserId4Interview15', 'COMPLETED', 1, 4, '2025-04-26 18:30:00', '2025-04-26 18:27:34', '2025-04-26 20:03:12',
        'Needs improvement'),
       ('UserId4Interview16', 'COMPLETED', 1, 4, '2025-04-26 18:30:00', '2025-04-26 18:27:34', '2025-04-26 20:03:12',
        'Needs improvement'),
       ('UserId4Interview17', 'COMPLETED', 1, 4, '2025-04-26 18:30:00', '2025-04-26 18:27:34', '2025-04-26 20:03:12',
        'Needs improvement'),
       ('UserId4Interview18', 'COMPLETED', 1, 4, '2025-04-26 18:30:00', '2025-04-26 18:27:34', '2025-04-26 20:03:12',
        'Needs improvement'),
       ('UserId4Interview19', 'COMPLETED', 1, 4, '2025-04-26 18:30:00', '2025-04-26 18:27:34', '2025-04-26 20:03:12',
        'Needs improvement'),
       ('UserId4Interview20', 'COMPLETED', 1, 4, '2025-04-26 18:30:00', '2025-04-26 18:27:34', '2025-04-26 20:03:12',
        'Needs improvement'),
       ('UserId4Interview21', 'COMPLETED', 1, 4, '2025-04-26 18:30:00', '2025-04-26 18:27:34', '2025-04-26 20:03:12',
        'Needs improvement'),
       ('UserId4Interview22', 'COMPLETED', 1, 4, '2025-04-26 18:30:00', '2025-04-26 18:27:34', '2025-04-26 20:03:12',
        'Needs improvement'),
       ('UserId4Interview23', 'COMPLETED', 1, 4, '2025-04-26 18:30:00', '2025-04-26 18:27:34', '2025-04-26 20:03:12',
        'Needs improvement'),
       ('UserId4Interview24', 'COMPLETED', 1, 4, '2025-04-26 18:30:00', '2025-04-26 18:27:34', '2025-04-26 20:03:12',
        'Needs improvement'),
       ('UserId4Interview25', 'COMPLETED', 1, 4, '2025-04-26 18:30:00', '2025-04-26 18:27:34', '2025-04-26 20:03:12',
        'Needs improvement'),
       ('UserId4Interview26', 'COMPLETED', 1, 4, '2025-04-26 18:30:00', '2025-04-26 18:27:34', '2025-04-26 20:03:12',
        'Needs improvement'),
       ('UserId4Interview27', 'COMPLETED', 1, 4, '2025-04-26 18:30:00', '2025-04-26 18:27:34', '2025-04-26 20:03:12',
        'Needs improvement'),
       ('UserId4Interview28', 'COMPLETED', 1, 4, '2025-04-26 18:30:00', '2025-04-26 18:27:34', '2025-04-26 20:03:12',
        'Needs improvement'),
       ('UserId4Interview29', 'COMPLETED', 1, 4, '2025-04-26 18:30:00', '2025-04-26 18:27:34', '2025-04-26 20:03:12',
        'Needs improvement'),
       ('UserId4Interview30', 'COMPLETED', 1, 4, '2025-04-26 18:30:00', '2025-04-26 18:27:34', '2025-04-26 20:03:12',
        'Needs improvement'),
       ('UserId4Interview31', 'COMPLETED', 1, 4, '2025-04-26 18:30:00', '2025-04-26 18:27:34', '2025-04-26 20:03:12',
        'Needs improvement'),
       ('UserId4Interview32', 'COMPLETED', 1, 4, '2025-04-26 18:30:00', '2025-04-26 18:27:34', '2025-04-26 20:03:12',
        'Needs improvement'),
       ('UserId4Interview33', 'COMPLETED', 1, 4, '2025-04-26 18:30:00', '2025-04-26 18:27:34', '2025-04-26 20:03:12',
        'Needs improvement'),
       ('UserId4Interview34', 'COMPLETED', 1, 4, '2025-04-26 18:30:00', '2025-04-26 18:27:34', '2025-04-26 20:03:12',
        'Needs improvement'),
       ('UserId4Interview35', 'COMPLETED', 1, 4, '2025-04-26 18:30:00', '2025-04-26 18:27:34', '2025-04-26 20:03:12',
        'Needs improvement'),
       ('UserId4Interview36', 'COMPLETED', 1, 4, '2025-04-26 18:30:00', '2025-04-26 18:27:34', '2025-04-26 20:03:12',
        'Needs improvement'),
       ('UserId4Interview37', 'COMPLETED', 1, 4, '2025-04-26 18:30:00', '2025-04-26 18:27:34', '2025-04-26 20:03:12',
        'Needs improvement'),
       ('UserId4Interview38', 'COMPLETED', 1, 4, '2025-04-26 18:30:00', '2025-04-26 18:27:34', '2025-04-26 20:03:12',
        'Needs improvement'),
       ('UserId4Interview39', 'COMPLETED', 1, 4, '2025-04-26 18:30:00', '2025-04-26 18:27:34', '2025-04-26 20:03:12',
        'Needs improvement'),
       ('UserId4Interview40', 'COMPLETED', 1, 4, '2025-04-26 18:30:00', '2025-04-26 18:27:34', '2025-04-26 20:03:12',
        'Needs improvement'),
       ('UserId4Interview41', 'COMPLETED', 1, 4, '2025-04-26 18:30:00', '2025-04-26 18:27:34', '2025-04-26 20:03:12',
        'Needs improvement'),
       ('UserId4Interview42', 'COMPLETED', 1, 4, '2025-04-26 18:30:00', '2025-04-26 18:27:34', '2025-04-26 20:03:12',
        'Needs improvement'),
       ('UserId4Interview43', 'COMPLETED', 1, 4, '2025-04-26 18:30:00', '2025-04-26 18:27:34', '2025-04-26 20:03:12',
        'Needs improvement'),
       ('UserId4Interview44', 'COMPLETED', 1, 4, '2025-04-26 18:30:00', '2025-04-26 18:27:34', '2025-04-26 20:03:12',
        'Needs improvement'),
       ('UserId4Interview45', 'COMPLETED', 1, 4, '2025-04-26 18:30:00', '2025-04-26 18:27:34', '2025-04-26 20:03:12',
        'Needs improvement'),
       ('UserId4Interview46', 'COMPLETED', 1, 4, '2025-04-26 18:30:00', '2025-04-26 18:27:34', '2025-04-26 20:03:12',
        'Needs improvement'),
       ('UserId4Interview47', 'COMPLETED', 1, 4, '2025-04-26 18:30:00', '2025-04-26 18:27:34', '2025-04-26 20:03:12',
        'Needs improvement'),
       ('UserId4Interview48', 'COMPLETED', 1, 4, '2025-04-26 18:30:00', '2025-04-26 18:27:34', '2025-04-26 20:03:12',
        'Needs improvement'),
       ('UserId4Interview49', 'COMPLETED', 1, 4, '2025-04-26 18:30:00', '2025-04-26 18:27:34', '2025-04-26 20:03:12',
        'Needs improvement'),
       ('UserId4Interview50', 'COMPLETED', 1, 4, '2025-04-26 18:30:00', '2025-04-26 18:27:34', '2025-04-26 20:03:12',
        'Needs improvement');
-- test3


INSERT INTO interview_questions (interview_id, skill_id, question, grade, create_at)
VALUES (1, 29, 'What is the difference between == and .equals() when comparing objects in Java?', 100,
        '2024-04-30 09:03:00.000001'),
       (1, 29, 'Explain the concept of inheritance in Java and provide an example.', 75, '2024-04-30 09:04:00.000001'),
       (1, 47, 'What is MongoDB, and how does it differ from traditional relational databases?', 50,
        '2024-04-30 09:05:00.000001'),
       (3, 22, 'What are the main principles of UX design?', 70, '2024-04-30 09:05:00.000001'),
       (3, 22, 'What is wireframing and what is its significance in UX design?', 78, '2024-04-30 09:05:00.000001'),
       (3, 22, 'What tools do you use for prototyping in UX design?', 80, '2024-04-30 09:05:00.000001'),
       (3, 29, 'What are JDK, JRE, and JVM in Java?', 5, '2024-04-30 09:05:00.000001'),
       (3, 29, 'What are the main principles of OOP in Java?', 15, '2024-04-30 09:05:00.000001'),
       (3, 29, 'What are the differences between abstraction and interface in Java?', 20, '2024-04-30 09:05:00.000001'),
       (3, 30, 'What are the advantages of Python compared to other programming languages?', 80,
        '2024-04-30 09:05:00.000001'),
       (3, 30, 'How can you read and write data to a file in Python?', 85, '2024-04-30 09:05:00.000001'),
       (3, 30, 'How can you use conditional statements and loops in Python?', 85, '2024-04-30 09:05:00.000001'),
       (3, 32, 'What are closures in JavaScript and what is their purpose?', 75, '2024-04-30 09:05:00.000001'),
       (3, 32, 'How can you perform asynchronous code in JavaScript?', 79, '2024-04-30 09:05:00.000001'),
       (3, 32, 'What is object-oriented programming (OOP) in JavaScript, and how can you use classes?', 80,
        '2024-04-30 09:05:00.000001'),
       (3, 33, 'What are the advantages and disadvantages of Ruby compared to other programming languages?', 65,
        '2024-04-30 09:05:00.000001'),
       (3, 33, 'What are symbols in Ruby and how are they different from strings?', 75, '2024-04-30 09:05:00.000001'),
       (3, 33, 'What are blocks in Ruby and how are they used?', 80, '2024-04-30 09:05:00.000001'),
       (3, 37, 'What is TypeScript and what advantages does it offer over JavaScript?', 60,
        '2024-04-30 09:05:00.000001'),
       (3, 37, 'How can you use interfaces in TypeScript?', 66, '2024-04-30 09:05:00.000001'),
       (3, 37, 'How can you declare variables of different data types in TypeScript?', 70,
        '2024-04-30 09:05:00.000001'),
       (3, 43, 'What is PostgreSQL and what are its main features?', 10, '2024-04-30 09:05:00.000001'),
       (3, 43, 'How can you create a new database in PostgreSQL?', 15, '2024-04-30 09:05:00.000001'),
       (3, 43, 'What are the different types of indexes in PostgreSQL?', 20, '2024-04-30 09:05:00.000001'),
       (3, 47, 'What is MongoDB and what are its main features?', 90, '2024-04-30 09:05:00.000001'),
       (3, 47, 'How can you perform CRUD operations in MongoDB?', 95, '2024-04-30 09:05:00.000001'),
       (3, 47, 'What is the difference between MongoDB and relational databases?', 98, '2024-04-30 09:05:00.000001'),
       (3, 53, 'What is normalization and why is it important in databases?', 94, '2024-04-30 09:05:00.000001'),
       (3, 53, 'What are the different normal forms in database normalization?', 96, '2024-04-30 09:05:00.000001'),
       (3, 53, 'How can you identify when a database is not normalized?', 100, '2024-04-30 09:05:00.000001'),
       (3, 54, 'What are indexing strategies and why are they important for database performance?', 35,
        '2024-04-30 09:05:00.000001'),
       (3, 54, 'What are the different types of indexes available in databases?', 40, '2024-04-30 09:05:00.000001'),
       (3, 54, 'How does indexing affect query performance?', 45, '2024-04-30 09:05:00.000001'),
       (3, 76, 'What is enumeration and how is it used in programming?', 10, '2024-04-30 09:05:00.000001'),
       (3, 76, 'How can you define and use enumerations in different programming languages?', 12,
        '2024-04-30 09:05:00.000001'),
       (3, 76, 'What are the advantages of using enumerations in code?', 15, '2024-04-30 09:05:00.000001'),
       (3, 82, 'What is penetration testing and why is it important for cybersecurity?', 15,
        '2024-04-30 09:05:00.000001'),
       (3, 82, 'What are the different types of penetration testing?', 20, '2024-04-30 09:05:00.000001'),
       (3, 82, 'How is penetration testing conducted in practice?', 25, '2024-04-30 09:05:00.000001'),
       (3, 88, 'What are hash functions and how are they used in cryptography?', 50, '2024-04-30 09:05:00.000001'),
       (3, 88, 'What are the properties of a good hash function?', 55, '2024-04-30 09:05:00.000001'),
       (3, 88, 'How are hash functions used to secure passwords?', 60, '2024-04-30 09:05:00.000001'),
       (3, 94, 'What is containment and mitigation in cybersecurity?', 15, '2024-04-30 09:05:00.000001'),
       (3, 94, 'How does containment differ from mitigation in incident response?', 20, '2024-04-30 09:05:00.000001'),
       (3, 94, 'What are some common containment and mitigation strategies?', 25, '2024-04-30 09:05:00.000001'),
       (3, 96, 'What is the importance of reporting in cybersecurity?', 40, '2024-04-30 09:05:00.000001'),
       (3, 96, 'What information should be included in a cybersecurity report?', 45, '2024-04-30 09:05:00.000001'),
       (3, 96, 'How can documentation help in cybersecurity incident response?', 50, '2024-04-30 09:05:00.000001'),
       (4, 22, 'What are the key principles of UX design?', 70, '2024-04-30 09:05:00.000001'),
       (4, 22, 'What is the significance of wireframing in UX design?', 78, '2024-04-30 09:05:00.000001'),
       (4, 22, 'Which tools do you use for prototyping in UX design?', 80, '2024-04-30 09:05:00.000001'),
       (4, 29, 'Explain JDK, JRE, and JVM in Java.', 5, '2024-04-30 09:05:00.000001'),
       (4, 29, 'What are the main principles of Object-Oriented Programming (OOP) in Java?', 15,
        '2024-04-30 09:05:00.000001'),
       (4, 29, 'What are the differences between abstraction and interface in Java?', 20, '2024-04-30 09:05:00.000001'),
       (4, 30, 'What advantages does Python offer over other programming languages?', 80, '2024-04-30 09:05:00.000001'),
       (4, 30, 'How can you perform file read and write operations in Python?', 85, '2024-04-30 09:05:00.000001'),
       (4, 30, 'How do you use conditional statements and loops in Python?', 85, '2024-04-30 09:05:00.000001'),
       (4, 32, 'Explain closures in JavaScript and their purpose.', 75, '2024-04-30 09:05:00.000001'),
       (4, 32, 'How can you handle asynchronous code in JavaScript?', 79, '2024-04-30 09:05:00.000001'),
       (4, 32, 'What is Object-Oriented Programming (OOP) in JavaScript, and how do you use classes?', 80,
        '2024-04-30 09:05:00.000001'),
       (4, 33, 'What are the advantages and disadvantages of Ruby compared to other programming languages?', 65,
        '2024-04-30 09:05:00.000001'),
       (4, 33, 'What are symbols in Ruby and how are they different from strings?', 75, '2024-04-30 09:05:00.000001'),
       (4, 33, 'What are blocks in Ruby and how are they used?', 80, '2024-04-30 09:05:00.000001'),
       (4, 37, 'What is TypeScript and what advantages does it offer over JavaScript?', 60,
        '2024-04-30 09:05:00.000001'),
       (4, 37, 'How can you use interfaces in TypeScript?', 66, '2024-04-30 09:05:00.000001'),
       (4, 37, 'How can you declare variables of different data types in TypeScript?', 70,
        '2024-04-30 09:05:00.000001'),
       (4, 43, 'What is PostgreSQL and what are its main features?', 10, '2024-04-30 09:05:00.000001'),
       (4, 43, 'How do you create a new database in PostgreSQL?', 15, '2024-04-30 09:05:00.000001'),
       (4, 43, 'What are the different types of indexes in PostgreSQL?', 20, '2024-04-30 09:05:00.000001'),
       (4, 47, 'What is MongoDB and what are its main features?', 90, '2024-04-30 09:05:00.000001'),
       (4, 47, 'How can you perform CRUD operations in MongoDB?', 95, '2024-04-30 09:05:00.000001'),
       (4, 47, 'What is the difference between MongoDB and relational databases?', 98, '2024-04-30 09:05:00.000001'),
       (4, 53, 'What is normalization and why is it important in databases?', 94, '2024-04-30 09:05:00.000001'),
       (4, 53, 'What are the different normal forms in database normalization?', 96, '2024-04-30 09:05:00.000001'),
       (4, 53, 'How can you identify when a database is not normalized?', 100, '2024-04-30 09:05:00.000001'),
       (4, 54, 'What are indexing strategies and why are they important for database performance?', 35,
        '2024-04-30 09:05:00.000001'),
       (4, 54, 'What are the different types of indexes available in databases?', 40, '2024-04-30 09:05:00.000001'),
       (4, 54, 'How does indexing affect query performance?', 45, '2024-04-30 09:05:00.000001'),
       (4, 76, 'What is enumeration and how is it used in programming?', 10, '2024-04-30 09:05:00.000001'),
       (4, 76, 'How can you define and use enumerations in different programming languages?', 12,
        '2024-04-30 09:05:00.000001'),
       (4, 76, 'What are the advantages of using enumerations in code?', 15, '2024-04-30 09:05:00.000001'),
       (4, 82, 'What is penetration testing and why is it important for cybersecurity?', 15,
        '2024-04-30 09:05:00.000001'),
       (4, 82, 'What are the different types of penetration testing?', 20, '2024-04-30 09:05:00.000001'),
       (4, 82, 'How is penetration testing conducted in practice?', 25, '2024-04-30 09:05:00.000001'),
       (4, 88, 'What are hash functions and how are they used in cryptography?', 50, '2024-04-30 09:05:00.000001'),
       (4, 88, 'What are the properties of a good hash function?', 55, '2024-04-30 09:05:00.000001'),
       (4, 88, 'How are hash functions used to secure passwords?', 60, '2024-04-30 09:05:00.000001'),
       (4, 94, 'What is containment and mitigation in cybersecurity?', 15, '2024-04-30 09:05:00.000001'),
       (4, 94, 'How does containment differ from mitigation in incident response?', 20, '2024-04-30 09:05:00.000001'),
       (4, 94, 'What are some common containment and mitigation strategies?', 25, '2024-04-30 09:05:00.000001'),
       (4, 96, 'What is the importance of reporting in cybersecurity?', 40, '2024-04-30 09:05:00.000001'),
       (4, 96, 'What information should be included in a cybersecurity report?', 45, '2024-04-30 09:05:00.000001'),
       (4, 96, 'How can documentation help in cybersecurity incident response?', 50, '2024-04-30 09:05:00.000001'),
       (5, 22, 'What are the main principles of UX design?', 10, '2024-04-30 09:05:00.000001'),
       (5, 22, 'What is wireframing and what is its significance in UX design?', 14, '2024-04-30 09:05:00.000001'),
       (5, 22, 'What tools do you use for prototyping in UX design?', 16, '2024-04-30 09:05:00.000001'),
       (5, 29, 'What are JDK, JRE, and JVM in Java?', 38, '2024-04-30 09:05:00.000001'),
       (5, 29, 'What are the main principles of OOP in Java?', 40, '2024-04-30 09:05:00.000001'),
       (5, 29, 'What are the differences between abstraction and interface in Java?', 42, '2024-04-30 09:05:00.000001'),
       (5, 30, 'What are the advantages of Python compared to other programming languages?', 90,
        '2024-04-30 09:05:00.000001'),
       (5, 30, 'How can you read and write data to a file in Python?', 94, '2024-04-30 09:05:00.000001'),
       (5, 30, 'How can you use conditional statements and loops in Python?', 96, '2024-04-30 09:05:00.000001'),
       (5, 32, 'What are closures in JavaScript and what is their purpose?', 42, '2024-04-30 09:05:00.000001'),
       (5, 32, 'How can you perform asynchronous code in JavaScript?', 44, '2024-04-30 09:05:00.000001'),
       (5, 32, 'What is object-oriented programming (OOP) in JavaScript, and how can you use classes?', 46,
        '2024-04-30 09:05:00.000001'),
       (5, 33, 'What are the advantages and disadvantages of Ruby compared to other programming languages?', 10,
        '2024-04-30 09:05:00.000001'),
       (5, 33, 'What are symbols in Ruby and how are they different from strings?', 15, '2024-04-30 09:05:00.000001'),
       (5, 33, 'What are blocks in Ruby and how are they used?', 20, '2024-04-30 09:05:00.000001'),
       (5, 37, 'What is TypeScript and what advantages does it offer over JavaScript?', 8,
        '2024-04-30 09:05:00.000001'),
       (5, 37, 'How can you use interfaces in TypeScript?', 12, '2024-04-30 09:05:00.000001'),
       (5, 37, 'How can you declare variables of different data types in TypeScript?', 16,
        '2024-04-30 09:05:00.000001'),
       (5, 43, 'What is PostgreSQL and what are its main features?', 70, '2024-04-30 09:05:00.000001'),
       (5, 43, 'How can you create a new database in PostgreSQL?', 75, '2024-04-30 09:05:00.000001'),
       (5, 43, 'What are the different types of indexes in PostgreSQL?', 80, '2024-04-30 09:05:00.000001'),
       (5, 47, 'What is MongoDB and what are its main features?', 82, '2024-04-30 09:05:00.000001'),
       (5, 47, 'How can you perform CRUD operations in MongoDB?', 85, '2024-04-30 09:05:00.000001'),
       (5, 47, 'What is the difference between MongoDB and relational databases?', 88, '2024-04-30 09:05:00.000001'),
       (5, 53, 'What is normalization and why is it important in databases?', 80, '2024-04-30 09:05:00.000001'),
       (5, 53, 'What are the different normal forms in database normalization?', 85, '2024-04-30 09:05:00.000001'),
       (5, 53, 'How can you identify when a database is not normalized?', 86, '2024-04-30 09:05:00.000001'),
       (5, 54, 'What are indexing strategies and why are they important for database performance?', 20,
        '2024-04-30 09:05:00.000001'),
       (5, 54, 'What are the different types of indexes available in databases?', 21, '2024-04-30 09:05:00.000001'),
       (5, 54, 'How does indexing affect query performance?', 22, '2024-04-30 09:05:00.000001'),
       (5, 76, 'What is enumeration and how is it used in programming?', 5, '2024-04-30 09:05:00.000001'),
       (5, 76, 'How can you define and use enumerations in different programming languages?', 8,
        '2024-04-30 09:05:00.000001'),
       (5, 76, 'What are the advantages of using enumerations in code?', 10, '2024-04-30 09:05:00.000001'),
       (5, 82, 'What is penetration testing and why is it important for cybersecurity?', 25,
        '2024-04-30 09:05:00.000001'),
       (5, 82, 'What are the different types of penetration testing?', 27, '2024-04-30 09:05:00.000001'),
       (5, 82, 'How is penetration testing conducted in practice?', 29, '2024-04-30 09:05:00.000001'),
       (5, 88, 'What are hash functions and how are they used in cryptography?', 55, '2024-04-30 09:05:00.000001'),
       (5, 88, 'What are the properties of a good hash function?', 58, '2024-04-30 09:05:00.000001'),
       (5, 88, 'How are hash functions used to secure passwords?', 61, '2024-04-30 09:05:00.000001'),
       (5, 94, 'What is containment and mitigation in cybersecurity?', 25, '2024-04-30 09:05:00.000001'),
       (5, 94, 'How does containment differ from mitigation in incident response?', 28, '2024-04-30 09:05:00.000001'),
       (5, 94, 'What are some common containment and mitigation strategies?', 30, '2024-04-30 09:05:00.000001'),
       (5, 96, 'What is the importance of reporting in cybersecurity?', 25, '2024-04-30 09:05:00.000001'),
       (5, 96, 'What information should be included in a cybersecurity report?', 27, '2024-04-30 09:05:00.000001'),
       (5, 96, 'How can documentation help in cybersecurity incident response?', 29, '2024-04-30 09:05:00.000001'),
       (6, 22, 'What are the key principles of UX design?', 80, '2024-04-30 09:05:00.000001'),
       (6, 22, 'What is the significance of wireframing in UX design?', 85, '2024-04-30 09:05:00.000001'),
       (6, 22, 'Which tools do you use for prototyping in UX design?', 90, '2024-04-30 09:05:00.000001'),
       (6, 29, 'Explain JDK, JRE, and JVM in Java.', 85, '2024-04-30 09:05:00.000001'),
       (6, 29, 'What are the main principles of Object-Oriented Programming (OOP) in Java?', 88,
        '2024-04-30 09:05:00.000001'),
       (6, 29, 'What are the differences between abstraction and interface in Java?', 89, '2024-04-30 09:05:00.000001'),
       (6, 30, 'What advantages does Python offer over other programming languages?', 60, '2024-04-30 09:05:00.000001'),
       (6, 30, 'How can you perform file read and write operations in Python?', 62, '2024-04-30 09:05:00.000001'),
       (6, 30, 'How do you use conditional statements and loops in Python?', 64, '2024-04-30 09:05:00.000001'),
       (6, 32, 'Explain closures in JavaScript and their purpose.', 82, '2024-04-30 09:05:00.000001'),
       (6, 32, 'How can you handle asynchronous code in JavaScript?', 85, '2024-04-30 09:05:00.000001'),
       (6, 32, 'What is Object-Oriented Programming (OOP) in JavaScript, and how do you use classes?', 87,
        '2024-04-30 09:05:00.000001'),
       (6, 33, 'What are the advantages and disadvantages of Ruby compared to other programming languages?', 100,
        '2024-04-30 09:05:00.000001'),
       (6, 33, 'What are symbols in Ruby and how are they different from strings?', 100, '2024-04-30 09:05:00.000001'),
       (6, 33, 'What are blocks in Ruby and how are they used?', 100, '2024-04-30 09:05:00.000001'),
       (6, 37, 'What is TypeScript and what advantages does it offer over JavaScript?', 4,
        '2024-04-30 09:05:00.000001'),
       (6, 37, 'How can you use interfaces in TypeScript?', 5, '2024-04-30 09:05:00.000001'),
       (6, 37, 'How can you declare variables of different data types in TypeScript?', 6,
        '2024-04-30 09:05:00.000001'),
       (6, 43, 'What is PostgreSQL and what are its main features?', 70, '2024-04-30 09:05:00.000001'),
       (6, 43, 'How do you create a new database in PostgreSQL?', 72, '2024-04-30 09:05:00.000001'),
       (6, 43, 'What are the different types of indexes in PostgreSQL?', 74, '2024-04-30 09:05:00.000001'),
       (6, 47, 'What is MongoDB and what are its main features?', 25, '2024-04-30 09:05:00.000001'),
       (6, 47, 'How can you perform CRUD operations in MongoDB?', 27, '2024-04-30 09:05:00.000001'),
       (6, 47, 'What is the difference between MongoDB and relational databases?', 30, '2024-04-30 09:05:00.000001'),
       (6, 53, 'What is normalization and why is it important in databases?', 82, '2024-04-30 09:05:00.000001'),
       (6, 53, 'What are the different normal forms in database normalization?', 84, '2024-04-30 09:05:00.000001'),
       (6, 53, 'How can you identify when a database is not normalized?', 86, '2024-04-30 09:05:00.000001'),
       (6, 54, 'What are indexing strategies and why are they important for database performance?', 5,
        '2024-04-30 09:05:00.000001'),
       (6, 54, 'What are the different types of indexes available in databases?', 7, '2024-04-30 09:05:00.000001'),
       (6, 54, 'How does indexing affect query performance?', 9, '2024-04-30 09:05:00.000001'),
       (6, 76, 'What is enumeration and how is it used in programming?', 20, '2024-04-30 09:05:00.000001'),
       (6, 76, 'How can you define and use enumerations in different programming languages?', 22,
        '2024-04-30 09:05:00.000001'),
       (6, 76, 'What are the advantages of using enumerations in code?', 24, '2024-04-30 09:05:00.000001'),
       (6, 82, 'What is penetration testing and why is it important for cybersecurity?', 42,
        '2024-04-30 09:05:00.000001'),
       (6, 82, 'What are the different types of penetration testing?', 45, '2024-04-30 09:05:00.000001'),
       (6, 82, 'How is penetration testing conducted in practice?', 48, '2024-04-30 09:05:00.000001'),
       (6, 88, 'What are hash functions and how are they used in cryptography?', 80, '2024-04-30 09:05:00.000001'),
       (6, 88, 'What are the properties of a good hash function?', 82, '2024-04-30 09:05:00.000001'),
       (6, 88, 'How are hash functions used to secure passwords?', 84, '2024-04-30 09:05:00.000001'),
       (6, 94, 'What is containment and mitigation in cybersecurity?', 8, '2024-04-30 09:05:00.000001'),
       (6, 94, 'How does containment differ from mitigation in incident response?', 9, '2024-04-30 09:05:00.000001'),
       (6, 94, 'What are some common containment and mitigation strategies?', 10, '2024-04-30 09:05:00.000001'),
       (6, 96, 'What is the importance of reporting in cybersecurity?', 73, '2024-04-30 09:05:00.000001'),
       (6, 96, 'What information should be included in a cybersecurity report?', 75, '2024-04-30 09:05:00.000001'),
       (6, 96, 'How can documentation help in cybersecurity incident response?', 77, '2024-04-30 09:05:00.000001');

INSERT INTO interviewer_questions (interviewer_id, skill_id, question, updated_at)
VALUES (1, 29, 'What is the difference between == and .equals() when comparing objects in Java?',
        '2024-04-26 12:30:00'),
       (1, 29, 'Explain the concept of inheritance in Java and provide an example.', '2024-04-25 13:30:00'),
       (1, 29,
        'What are the different access modifiers in Java, and how do they affect the visibility of variables and methods?',
        '2024-04-27 11:30:00'),
       (1, 29, 'Describe the purpose and usage of the static keyword in Java.', '2024-04-24 18:30:00'),
       (1, 29, 'How does exception handling work in Java? Discuss the try-catch-finally blocks.',
        '2024-04-28 18:30:00'),
       (1, 47, 'What is MongoDB, and how does it differ from traditional relational databases?', '2024-04-23 18:30:00'),
       (1, 47, 'Explain the concept of document-oriented databases and how it applies to MongoDB.',
        '2024-04-29 18:30:00'),
       (1, 47, 'What is a MongoDB replica set, and what are its benefits in a distributed database environment?',
        '2024-04-22 18:30:00'),
       (1, 47, 'Describe the aggregation framework in MongoDB and provide an example of its usage.',
        '2024-04-30 18:30:00'),
       (1, 47, 'What are the advantages of using sharding in MongoDB, and how does it help with scalability?',
        '2024-04-21 18:30:00');

insert into users (password, email, first_name, last_name, avatar_img_url, description)
values ('$2a$12$TZsCJ3Yn4.Dy0gTs9TDKUuBl7e/OoCiZIPH6ytZGJ82uW5wi1wdnW', 'username5', 'name5', 'surname5', 'i5', 'd5'),
       ('$2a$12$wsiqPAq4WLGBVkx2C2MFkuCxz4Ct8OzhnfM5VcROjx7qrSMQSq.xK', 'username6', 'name6', 'surname6', 'i6', 'd6'),
       ('$2a$12$U3KJxDkxEcbJJbVrHRgv3Owc/H9j1tq1qX/OMQXYq2yTsrCd2Zgjq', 'username7', 'name7', 'surname7', 'i7', 'd7'),
       ('$2a$12$6GEH2.NJzNBmhyHjywfq6.tUA765NdIuKu1rXXLvUAOownmQea1xK', 'username8', 'name8', 'surname8', 'i8', 'd8');


INSERT INTO interviews (title, status, interviewer_id, searcher_id, planned_date_time, start_date_time, end_date_time,
                        feedback)
VALUES ('myTestInterview1', 'COMPLETED', 5, 6, '2024-04-26 18:30:00', '2024-04-26 18:27:34', '2024-04-26 20:03:12',
        'Needs improvement'),
       ('myTestInterview2', 'COMPLETED', 5, 7, '2024-04-26 18:30:00', '2024-04-26 18:27:34', '2024-04-26 20:03:12',
        'Needs improvement'),
       ('myTestInterview2', 'COMPLETED', 5, 8, '2024-04-26 18:30:00', '2024-04-26 18:27:34', '2024-04-26 20:03:12',
        'Needs improvement');

INSERT INTO interview_questions (interview_id, skill_id, question, grade, create_at)
VALUES (57, 94, 'test?', 100, '2024-04-30 09:03:00.000001'),
       (57, 95, 'test?', 100, '2024-04-30 09:04:00.000001'),
       (57, 96, 'test?', 100, '2024-04-30 09:04:00.000001'),
       (58, 94, 'test?', 5, '2024-04-30 09:04:00.000001'),
       (58, 95, 'test?', 5, '2024-04-30 09:04:00.000001'),
       (58, 96, 'test?', 5, '2024-04-30 09:04:00.000001'),
       (59, 94, 'test?', 50, '2024-04-30 09:05:00.000001'),
       (59, 95, 'test?', 50, '2024-04-30 09:05:00.000001'),
       (59, 96, 'test?', 50, '2024-04-30 09:05:00.000001');

---------for test, delete later---------
